scenario_id,run_id,random_seed,random_run,simulation_duration_s,node_count,area_m,area_x_m,area_y_m,mobility_model,mobility_level,speed_mps,source_id,destination_id,traffic_level,traffic_rate_bps,packet_rate_pps,packet_size_bytes,transport_protocol,application_type,routing_protocol,channel_helper,wifi_standard,phy,tx_power_dbm,noise_floor_dbm,flow_id,seed_source,endpoint_source,configuration_source,metadata_source,configuration_version
DSR_N100_MLOW_TLOW_S10001_R001,1,10001,1,600,100,200,200,200,RandomWaypoint,LOW,0.66,18,50,LOW,275692,85.09,405,UDP,CBR,DSR,YansWifiChannel,802.11g,802.11g,16.04,-95.02,10001,deterministic_generated,observed_raw,controlled_experimental_variation,data/raw/packet_loss.csv + data/raw/positions_*.csv + controlled_experimental_matrix,2.0.0
DSR_N100_MLOW_TLOW_S10002_R002,2,10002,2,600,100,200,200,200,RandomWaypoint,LOW,0.66,63,91,LOW,275692,85.09,405,UDP,CBR,DSR,YansWifiChannel,802.11g,802.11g,16.04,-95.02,10002,deterministic_generated,observed_raw,controlled_experimental_variation,data/raw/packet_loss.csv + data/raw/positions_*.csv + controlled_experimental_matrix,2.0.0
DSR_N100_MLOW_TLOW_S10003_R003,3,10003,3,600,100,200,200,200,RandomWaypoint,LOW,0.66,92,14,LOW,275692,85.09,405,UDP,CBR,DSR,YansWifiChannel,802.11g,802.11g,16.04,-95.02,10003,deterministic_generated,observed_raw,controlled_experimental_variation,data/raw/packet_loss.csv + data/raw/positions_*.csv + controlled_experimental_matrix,2.0.0
DSR_N100_MLOW_TLOW_S10004_R004,4,10004,4,600,100,200,200,200,RandomWaypoint,LOW,0.66,15,67,LOW,275692,85.09,405,UDP,CBR,DSR,YansWifiChannel,802.11g,802.11g,16.04,-95.02,10004,deterministic_generated,observed_raw,controlled_experimental_variation,data/raw/packet_loss.csv + data/raw/positions_*.csv + controlled_experimental_matrix,2.0.0
DSR_N100_MLOW_TLOW_S10005_R005,5,10005,5,600,100,200,200,200,RandomWaypoint,LOW,0.66,64,33,LOW,275692,85.09,405,UDP,CBR,DSR,YansWifiChannel,802.11g,802.11g,16.04,-95.02,10005,deterministic_generated,observed_raw,controlled_experimental_variation,data/raw/packet_loss.csv + data/raw/positions_*.csv + controlled_experimental_matrix,2.0.0
DSR_N100_MLOW_THIGH_S10001_R006,6,10001,1,600,100,200,200,200,RandomWaypoint,LOW,0.66,18,50,HIGH,1606758,176.8,1136,UDP,CBR,DSR,YansWifiChannel,802.11g,802.11g,16.04,-95.02,10006,deterministic_generated,observed_raw,controlled_experimental_variation,data/raw/packet_loss.csv + data/raw/positions_*.csv + controlled_experimental_matrix,2.0.0
DSR_N100_MLOW_THIGH_S10002_R007,7,10002,2,600,100,200,200,200,RandomWaypoint,LOW,0.66,63,91,HIGH,1606758,176.8,1136,UDP,CBR,DSR,YansWifiChannel,802.11g,802.11g,16.04,-95.02,10007,deterministic_generated,observed_raw,controlled_experimental_variation,data/raw/packet_loss.csv + data/raw/positions_*.csv + controlled_experimental_matrix,2.0.0
DSR_N100_MLOW_THIGH_S10003_R008,8,10003,3,600,100,200,200,200,RandomWaypoint,LOW,0.66,92,14,HIGH,1606758,176.8,1136,UDP,CBR,DSR,YansWifiChannel,802.11g,802.11g,16.04,-95.02,10008,deterministic_generated,observed_raw,controlled_experimental_variation,data/raw/packet_loss.csv + data/raw/positions_*.csv + controlled_experimental_matrix,2.0.0
DSR_N100_MLOW_THIGH_S10004_R009,9,10004,4,600,100,200,200,200,RandomWaypoint,LOW,0.66,15,67,HIGH,1606758,176.8,1136,UDP,CBR,DSR,YansWifiChannel,802.11g,802.11g,16.04,-95.02,10009,deterministic_generated,observed_raw,controlled_experimental_variation,data/raw/packet_loss.csv + data/raw/positions_*.csv + controlled_experimental_matrix,2.0.0
DSR_N100_MLOW_THIGH_S10005_R010,10,10005,5,600,100,200,200,200,RandomWaypoint,LOW,0.66,64,33,HIGH,1606758,176.8,1136,UDP,CBR,DSR,YansWifiChannel,802.11g,802.11g,16.04,-95.02,10010,deterministic_generated,observed_raw,controlled_experimental_variation,data/raw/packet_loss.csv + data/raw/positions_*.csv + controlled_experimental_matrix,2.0.0
DSR_N100_MMEDIUM_TLOW_S10001_R011,11,10001,1,600,100,200,200,200,RandomWaypoint,MEDIUM,1.55,15,67,LOW,275692,85.09,405,UDP,CBR,DSR,YansWifiChannel,802.11g,802.11g,16.04,-95.02,10011,deterministic_generated,observed_raw,controlled_experimental_variation,data/raw/packet_loss.csv + data/raw/positions_*.csv + controlled_experimental_matrix,2.0.0
DSR_N100_MMEDIUM_TLOW_S10002_R012,12,10002,2,600,100,200,200,200,RandomWaypoint,MEDIUM,1.55,64,33,LOW,275692,85.09,405,UDP,CBR,DSR,YansWifiChannel,802.11g,802.11g,16.04,-95.02,10012,deterministic_generated,observed_raw,controlled_experimental_variation,data/raw/packet_loss.csv + data/raw/positions_*.csv + controlled_experimental_matrix,2.0.0
DSR_N100_MMEDIUM_TLOW_S10003_R013,13,10003,3,600,100,200,200,200,RandomWaypoint,MEDIUM,1.55,9,3,LOW,275692,85.09,405,UDP,CBR,DSR,YansWifiChannel,802.11g,802.11g,16.04,-95.02,10013,deterministic_generated,observed_raw,controlled_experimental_variation,data/raw/packet_loss.csv + data/raw/positions_*.csv + controlled_experimental_matrix,2.0.0
DSR_N100_MMEDIUM_TLOW_S10004_R014,14,10004,4,600,100,200,200,200,RandomWaypoint,MEDIUM,1.55,33,98,LOW,275692,85.09,405,UDP,CBR,DSR,YansWifiChannel,802.11g,802.11g,16.04,-95.02,10014,deterministic_generated,observed_raw,controlled_experimental_variation,data/raw/packet_loss.csv + data/raw/positions_*.csv + controlled_experimental_matrix,2.0.0
DSR_N100_MMEDIUM_TLOW_S10005_R015,15,10005,5,600,100,200,200,200,RandomWaypoint,MEDIUM,1.55,84,29,LOW,275692,85.09,405,UDP,CBR,DSR,YansWifiChannel,802.11g,802.11g,16.04,-95.02,10015,deterministic_generated,observed_raw,controlled_experimental_variation,data/raw/packet_loss.csv + data/raw/positions_*.csv + controlled_experimental_matrix,2.0.0
DSR_N100_MMEDIUM_THIGH_S10001_R016,16,10001,1,600,100,200,200,200,RandomWaypoint,MEDIUM,1.55,15,67,HIGH,1606758,176.8,1136,UDP,CBR,DSR,YansWifiChannel,802.11g,802.11g,16.04,-95.02,10016,deterministic_generated,observed_raw,controlled_experimental_variation,data/raw/packet_loss.csv + data/raw/positions_*.csv + controlled_experimental_matrix,2.0.0
DSR_N100_MMEDIUM_THIGH_S10002_R017,17,10002,2,600,100,200,200,200,RandomWaypoint,MEDIUM,1.55,64,33,HIGH,1606758,176.8,1136,UDP,CBR,DSR,YansWifiChannel,802.11g,802.11g,16.04,-95.02,10017,deterministic_generated,observed_raw,controlled_experimental_variation,data/raw/packet_loss.csv + data/raw/positions_*.csv + controlled_experimental_matrix,2.0.0
DSR_N100_MMEDIUM_THIGH_S10003_R018,18,10003,3,600,100,200,200,200,RandomWaypoint,MEDIUM,1.55,9,3,HIGH,1606758,176.8,1136,UDP,CBR,DSR,YansWifiChannel,802.11g,802.11g,16.04,-95.02,10018,deterministic_generated,observed_raw,controlled_experimental_variation,data/raw/packet_loss.csv + data/raw/positions_*.csv + controlled_experimental_matrix,2.0.0
DSR_N100_MMEDIUM_THIGH_S10004_R019,19,10004,4,600,100,200,200,200,RandomWaypoint,MEDIUM,1.55,33,98,HIGH,1606758,176.8,1136,UDP,CBR,DSR,YansWifiChannel,802.11g,802.11g,16.04,-95.02,10019,deterministic_generated,observed_raw,controlled_experimental_variation,data/raw/packet_loss.csv + data/raw/positions_*.csv + controlled_experimental_matrix,2.0.0
DSR_N100_MMEDIUM_THIGH_S10005_R020,20,10005,5,600,100,200,200,200,RandomWaypoint,MEDIUM,1.55,84,29,HIGH,1606758,176.8,1136,UDP,CBR,DSR,YansWifiChannel,802.11g,802.11g,16.04,-95.02,10020,deterministic_generated,observed_raw,controlled_experimental_variation,data/raw/packet_loss.csv + data/raw/positions_*.csv + controlled_experimental_matrix,2.0.0
DSR_N100_MHIGH_TLOW_S10001_R021,21,10001,1,600,100,200,200,200,RandomWaypoint,HIGH,2.4,63,91,LOW,275692,85.09,405,UDP,CBR,DSR,YansWifiChannel,802.11g,802.11g,16.04,-95.02,10021,deterministic_generated,observed_raw,controlled_experimental_variation,data/raw/packet_loss.csv + data/raw/positions_*.csv + controlled_experimental_matrix,2.0.0
DSR_N100_MHIGH_TLOW_S10002_R022,22,10002,2,600,100,200,200,200,RandomWaypoint,HIGH,2.4,92,14,LOW,275692,85.09,405,UDP,CBR,DSR,YansWifiChannel,802.11g,802.11g,16.04,-95.02,10022,deterministic_generated,observed_raw,controlled_experimental_variation,data/raw/packet_loss.csv + data/raw/positions_*.csv + controlled_experimental_matrix,2.0.0
DSR_N100_MHIGH_TLOW_S10003_R023,23,10003,3,600,100,200,200,200,RandomWaypoint,HIGH,2.4,15,67,LOW,275692,85.09,405,UDP,CBR,DSR,YansWifiChannel,802.11g,802.11g,16.04,-95.02,10023,deterministic_generated,observed_raw,controlled_experimental_variation,data/raw/packet_loss.csv + data/raw/positions_*.csv + controlled_experimental_matrix,2.0.0
DSR_N100_MHIGH_TLOW_S10004_R024,24,10004,4,600,100,200,200,200,RandomWaypoint,HIGH,2.4,64,33,LOW,275692,85.09,405,UDP,CBR,DSR,YansWifiChannel,802.11g,802.11g,16.04,-95.02,10024,deterministic_generated,observed_raw,controlled_experimental_variation,data/raw/packet_loss.csv + data/raw/positions_*.csv + controlled_experimental_matrix,2.0.0
DSR_N100_MHIGH_TLOW_S10005_R025,25,10005,5,600,100,200,200,200,RandomWaypoint,HIGH,2.4,9,3,LOW,275692,85.09,405,UDP,CBR,DSR,YansWifiChannel,802.11g,802.11g,16.04,-95.02,10025,deterministic_generated,observed_raw,controlled_experimental_variation,data/raw/packet_loss.csv + data/raw/positions_*.csv + controlled_experimental_matrix,2.0.0
DSR_N100_MHIGH_THIGH_S10001_R026,26,10001,1,600,100,200,200,200,RandomWaypoint,HIGH,2.4,63,91,HIGH,1606758,176.8,1136,UDP,CBR,DSR,YansWifiChannel,802.11g,802.11g,16.04,-95.02,10026,deterministic_generated,observed_raw,controlled_experimental_variation,data/raw/packet_loss.csv + data/raw/positions_*.csv + controlled_experimental_matrix,2.0.0
DSR_N100_MHIGH_THIGH_S10002_R027,27,10002,2,600,100,200,200,200,RandomWaypoint,HIGH,2.4,92,14,HIGH,1606758,176.8,1136,UDP,CBR,DSR,YansWifiChannel,802.11g,802.11g,16.04,-95.02,10027,deterministic_generated,observed_raw,controlled_experimental_variation,data/raw/packet_loss.csv + data/raw/positions_*.csv + controlled_experimental_matrix,2.0.0
DSR_N100_MHIGH_THIGH_S10003_R028,28,10003,3,600,100,200,200,200,RandomWaypoint,HIGH,2.4,15,67,HIGH,1606758,176.8,1136,UDP,CBR,DSR,YansWifiChannel,802.11g,802.11g,16.04,-95.02,10028,deterministic_generated,observed_raw,controlled_experimental_variation,data/raw/packet_loss.csv + data/raw/positions_*.csv + controlled_experimental_matrix,2.0.0
DSR_N100_MHIGH_THIGH_S10004_R029,29,10004,4,600,100,200,200,200,RandomWaypoint,HIGH,2.4,64,33,HIGH,1606758,176.8,1136,UDP,CBR,DSR,YansWifiChannel,802.11g,802.11g,16.04,-95.02,10029,deterministic_generated,observed_raw,controlled_experimental_variation,data/raw/packet_loss.csv + data/raw/positions_*.csv + controlled_experimental_matrix,2.0.0
DSR_N100_MHIGH_THIGH_S10005_R030,30,10005,5,600,100,200,200,200,RandomWaypoint,HIGH,2.4,9,3,HIGH,1606758,176.8,1136,UDP,CBR,DSR,YansWifiChannel,802.11g,802.11g,16.04,-95.02,10030,deterministic_generated,observed_raw,controlled_experimental_variation,data/raw/packet_loss.csv + data/raw/positions_*.csv + controlled_experimental_matrix,2.0.0
DSR_N150_MLOW_TLOW_S10001_R031,31,10001,1,600,150,200,200,200,RandomWaypoint,LOW,0.66,70,128,LOW,275692,85.09,405,UDP,CBR,DSR,YansWifiChannel,802.11g,802.11g,16.04,-95.02,10031,deterministic_generated,observed_raw,controlled_experimental_variation,data/raw/packet_loss.csv + data/raw/positions_*.csv + controlled_experimental_matrix,2.0.0
DSR_N150_MLOW_TLOW_S10002_R032,32,10002,2,600,150,200,200,200,RandomWaypoint,LOW,0.66,80,142,LOW,275692,85.09,405,UDP,CBR,DSR,YansWifiChannel,802.11g,802.11g,16.04,-95.02,10032,deterministic_generated,observed_raw,controlled_experimental_variation,data/raw/packet_loss.csv + data/raw/positions_*.csv + controlled_experimental_matrix,2.0.0
DSR_N150_MLOW_TLOW_S10003_R033,33,10003,3,600,150,200,200,200,RandomWaypoint,LOW,0.66,143,118,LOW,275692,85.09,405,UDP,CBR,DSR,YansWifiChannel,802.11g,802.11g,16.04,-95.02,10033,deterministic_generated,observed_raw,controlled_experimental_variation,data/raw/packet_loss.csv + data/raw/positions_*.csv + controlled_experimental_matrix,2.0.0
DSR_N150_MLOW_TLOW_S10004_R034,34,10004,4,600,150,200,200,200,RandomWaypoint,LOW,0.66,95,19,LOW,275692,85.09,405,UDP,CBR,DSR,YansWifiChannel,802.11g,802.11g,16.04,-95.02,10034,deterministic_generated,observed_raw,controlled_experimental_variation,data/raw/packet_loss.csv + data/raw/positions_*.csv + controlled_experimental_matrix,2.0.0
DSR_N150_MLOW_TLOW_S10005_R035,35,10005,5,600,150,200,200,200,RandomWaypoint,LOW,0.66,41,6,LOW,275692,85.09,405,UDP,CBR,DSR,YansWifiChannel,802.11g,802.11g,16.04,-95.02,10035,deterministic_generated,observed_raw,controlled_experimental_variation,data/raw/packet_loss.csv + data/raw/positions_*.csv + controlled_experimental_matrix,2.0.0
DSR_N150_MLOW_THIGH_S10001_R036,36,10001,1,600,150,200,200,200,RandomWaypoint,LOW,0.66,70,128,HIGH,1606758,176.8,1136,UDP,CBR,DSR,YansWifiChannel,802.11g,802.11g,16.04,-95.02,10036,deterministic_generated,observed_raw,controlled_experimental_variation,data/raw/packet_loss.csv + data/raw/positions_*.csv + controlled_experimental_matrix,2.0.0
DSR_N150_MLOW_THIGH_S10002_R037,37,10002,2,600,150,200,200,200,RandomWaypoint,LOW,0.66,80,142,HIGH,1606758,176.8,1136,UDP,CBR,DSR,YansWifiChannel,802.11g,802.11g,16.04,-95.02,10037,deterministic_generated,observed_raw,controlled_experimental_variation,data/raw/packet_loss.csv + data/raw/positions_*.csv + controlled_experimental_matrix,2.0.0
DSR_N150_MLOW_THIGH_S10003_R038,38,10003,3,600,150,200,200,200,RandomWaypoint,LOW,0.66,143,118,HIGH,1606758,176.8,1136,UDP,CBR,DSR,YansWifiChannel,802.11g,802.11g,16.04,-95.02,10038,deterministic_generated,observed_raw,controlled_experimental_variation,data/raw/packet_loss.csv + data/raw/positions_*.csv + controlled_experimental_matrix,2.0.0
DSR_N150_MLOW_THIGH_S10004_R039,39,10004,4,600,150,200,200,200,RandomWaypoint,LOW,0.66,95,19,HIGH,1606758,176.8,1136,UDP,CBR,DSR,YansWifiChannel,802.11g,802.11g,16.04,-95.02,10039,deterministic_generated,observed_raw,controlled_experimental_variation,data/raw/packet_loss.csv + data/raw/positions_*.csv + controlled_experimental_matrix,2.0.0
DSR_N150_MLOW_THIGH_S10005_R040,40,10005,5,600,150,200,200,200,RandomWaypoint,LOW,0.66,41,6,HIGH,1606758,176.8,1136,UDP,CBR,DSR,YansWifiChannel,802.11g,802.11g,16.04,-95.02,10040,deterministic_generated,observed_raw,controlled_experimental_variation,data/raw/packet_loss.csv + data/raw/positions_*.csv + controlled_experimental_matrix,2.0.0
DSR_N150_MMEDIUM_TLOW_S10001_R041,41,10001,1,600,150,200,200,200,RandomWaypoint,MEDIUM,1.55,95,19,LOW,275692,85.09,405,UDP,CBR,DSR,YansWifiChannel,802.11g,802.11g,16.04,-95.02,10041,deterministic_generated,observed_raw,controlled_experimental_variation,data/raw/packet_loss.csv + data/raw/positions_*.csv + controlled_experimental_matrix,2.0.0
DSR_N150_MMEDIUM_TLOW_S10002_R042,42,10002,2,600,150,200,200,200,RandomWaypoint,MEDIUM,1.55,41,6,LOW,275692,85.09,405,UDP,CBR,DSR,YansWifiChannel,802.11g,802.11g,16.04,-95.02,10042,deterministic_generated,observed_raw,controlled_experimental_variation,data/raw/packet_loss.csv + data/raw/positions_*.csv + controlled_experimental_matrix,2.0.0
DSR_N150_MMEDIUM_TLOW_S10003_R043,43,10003,3,600,150,200,200,200,RandomWaypoint,MEDIUM,1.55,99,12,LOW,275692,85.09,405,UDP,CBR,DSR,YansWifiChannel,802.11g,802.11g,16.04,-95.02,10043,deterministic_generated,observed_raw,controlled_experimental_variation,data/raw/packet_loss.csv + data/raw/positions_*.csv + controlled_experimental_matrix,2.0.0
DSR_N150_MMEDIUM_TLOW_S10004_R044,44,10004,4,600,150,200,200,200,RandomWaypoint,MEDIUM,1.55,78,109,LOW,275692,85.09,405,UDP,CBR,DSR,YansWifiChannel,802.11g,802.11g,16.04,-95.02,10044,deterministic_generated,observed_raw,controlled_experimental_variation,data/raw/packet_loss.csv + data/raw/positions_*.csv + controlled_experimental_matrix,2.0.0
DSR_N150_MMEDIUM_TLOW_S10005_R045,45,10005,5,600,150,200,200,200,RandomWaypoint,MEDIUM,1.55,145,24,LOW,275692,85.09,405,UDP,CBR,DSR,YansWifiChannel,802.11g,802.11g,16.04,-95.02,10045,deterministic_generated,observed_raw,controlled_experimental_variation,data/raw/packet_loss.csv + data/raw/positions_*.csv + controlled_experimental_matrix,2.0.0
DSR_N150_MMEDIUM_THIGH_S10001_R046,46,10001,1,600,150,200,200,200,RandomWaypoint,MEDIUM,1.55,95,19,HIGH,1606758,176.8,1136,UDP,CBR,DSR,YansWifiChannel,802.11g,802.11g,16.04,-95.02,10046,deterministic_generated,observed_raw,controlled_experimental_variation,data/raw/packet_loss.csv + data/raw/positions_*.csv + controlled_experimental_matrix,2.0.0
DSR_N150_MMEDIUM_THIGH_S10002_R047,47,10002,2,600,150,200,200,200,RandomWaypoint,MEDIUM,1.55,41,6,HIGH,1606758,176.8,1136,UDP,CBR,DSR,YansWifiChannel,802.11g,802.11g,16.04,-95.02,10047,deterministic_generated,observed_raw,controlled_experimental_variation,data/raw/packet_loss.csv + data/raw/positions_*.csv + controlled_experimental_matrix,2.0.0
DSR_N150_MMEDIUM_THIGH_S10003_R048,48,10003,3,600,150,200,200,200,RandomWaypoint,MEDIUM,1.55,99,12,HIGH,1606758,176.8,1136,UDP,CBR,DSR,YansWifiChannel,802.11g,802.11g,16.04,-95.02,10048,deterministic_generated,observed_raw,controlled_experimental_variation,data/raw/packet_loss.csv + data/raw/positions_*.csv + controlled_experimental_matrix,2.0.0
DSR_N150_MMEDIUM_THIGH_S10004_R049,49,10004,4,600,150,200,200,200,RandomWaypoint,MEDIUM,1.55,78,109,HIGH,1606758,176.8,1136,UDP,CBR,DSR,YansWifiChannel,802.11g,802.11g,16.04,-95.02,10049,deterministic_generated,observed_raw,controlled_experimental_variation,data/raw/packet_loss.csv + data/raw/positions_*.csv + controlled_experimental_matrix,2.0.0
DSR_N150_MMEDIUM_THIGH_S10005_R050,50,10005,5,600,150,200,200,200,RandomWaypoint,MEDIUM,1.55,145,24,HIGH,1606758,176.8,1136,UDP,CBR,DSR,YansWifiChannel,802.11g,802.11g,16.04,-95.02,10050,deterministic_generated,observed_raw,controlled_experimental_variation,data/raw/packet_loss.csv + data/raw/positions_*.csv + controlled_experimental_matrix,2.0.0
DSR_N150_MHIGH_TLOW_S10001_R051,51,10001,1,600,150,200,200,200,RandomWaypoint,HIGH,2.4,80,142,LOW,275692,85.09,405,UDP,CBR,DSR,YansWifiChannel,802.11g,802.11g,16.04,-95.02,10051,deterministic_generated,observed_raw,controlled_experimental_variation,data/raw/packet_loss.csv + data/raw/positions_*.csv + controlled_experimental_matrix,2.0.0
DSR_N150_MHIGH_TLOW_S10002_R052,52,10002,2,600,150,200,200,200,RandomWaypoint,HIGH,2.4,143,118,LOW,275692,85.09,405,UDP,CBR,DSR,YansWifiChannel,802.11g,802.11g,16.04,-95.02,10052,deterministic_generated,observed_raw,controlled_experimental_variation,data/raw/packet_loss.csv + data/raw/positions_*.csv + controlled_experimental_matrix,2.0.0
DSR_N150_MHIGH_TLOW_S10003_R053,53,10003,3,600,150,200,200,200,RandomWaypoint,HIGH,2.4,95,19,LOW,275692,85.09,405,UDP,CBR,DSR,YansWifiChannel,802.11g,802.11g,16.04,-95.02,10053,deterministic_generated,observed_raw,controlled_experimental_variation,data/raw/packet_loss.csv + data/raw/positions_*.csv + controlled_experimental_matrix,2.0.0
DSR_N150_MHIGH_TLOW_S10004_R054,54,10004,4,600,150,200,200,200,RandomWaypoint,HIGH,2.4,41,6,LOW,275692,85.09,405,UDP,CBR,DSR,YansWifiChannel,802.11g,802.11g,16.04,-95.02,10054,deterministic_generated,observed_raw,controlled_experimental_variation,data/raw/packet_loss.csv + data/raw/positions_*.csv + controlled_experimental_matrix,2.0.0
DSR_N150_MHIGH_TLOW_S10005_R055,55,10005,5,600,150,200,200,200,RandomWaypoint,HIGH,2.4,99,12,LOW,275692,85.09,405,UDP,CBR,DSR,YansWifiChannel,802.11g,802.11g,16.04,-95.02,10055,deterministic_generated,observed_raw,controlled_experimental_variation,data/raw/packet_loss.csv + data/raw/positions_*.csv + controlled_experimental_matrix,2.0.0
DSR_N150_MHIGH_THIGH_S10001_R056,56,10001,1,600,150,200,200,200,RandomWaypoint,HIGH,2.4,80,142,HIGH,1606758,176.8,1136,UDP,CBR,DSR,YansWifiChannel,802.11g,802.11g,16.04,-95.02,10056,deterministic_generated,observed_raw,controlled_experimental_variation,data/raw/packet_loss.csv + data/raw/positions_*.csv + controlled_experimental_matrix,2.0.0
DSR_N150_MHIGH_THIGH_S10002_R057,57,10002,2,600,150,200,200,200,RandomWaypoint,HIGH,2.4,143,118,HIGH,1606758,176.8,1136,UDP,CBR,DSR,YansWifiChannel,802.11g,802.11g,16.04,-95.02,10057,deterministic_generated,observed_raw,controlled_experimental_variation,data/raw/packet_loss.csv + data/raw/positions_*.csv + controlled_experimental_matrix,2.0.0
DSR_N150_MHIGH_THIGH_S10003_R058,58,10003,3,600,150,200,200,200,RandomWaypoint,HIGH,2.4,95,19,HIGH,1606758,176.8,1136,UDP,CBR,DSR,YansWifiChannel,802.11g,802.11g,16.04,-95.02,10058,deterministic_generated,observed_raw,controlled_experimental_variation,data/raw/packet_loss.csv + data/raw/positions_*.csv + controlled_experimental_matrix,2.0.0
DSR_N150_MHIGH_THIGH_S10004_R059,59,10004,4,600,150,200,200,200,RandomWaypoint,HIGH,2.4,41,6,HIGH,1606758,176.8,1136,UDP,CBR,DSR,YansWifiChannel,802.11g,802.11g,16.04,-95.02,10059,deterministic_generated,observed_raw,controlled_experimental_variation,data/raw/packet_loss.csv + data/raw/positions_*.csv + controlled_experimental_matrix,2.0.0
DSR_N150_MHIGH_THIGH_S10005_R060,60,10005,5,600,150,200,200,200,RandomWaypoint,HIGH,2.4,99,12,HIGH,1606758,176.8,1136,UDP,CBR,DSR,YansWifiChannel,802.11g,802.11g,16.04,-95.02,10060,deterministic_generated,observed_raw,controlled_experimental_variation,data/raw/packet_loss.csv + data/raw/positions_*.csv + controlled_experimental_matrix,2.0.0
DSR_N200_MLOW_TLOW_S10001_R061,61,10001,1,600,200,200,200,200,RandomWaypoint,LOW,0.66,2,52,LOW,275692,85.09,405,UDP,CBR,DSR,YansWifiChannel,802.11g,802.11g,16.04,-95.02,10061,deterministic_generated,deterministic_generated,controlled_experimental_variation,data/raw/packet_loss.csv + data/raw/positions_*.csv + controlled_experimental_matrix,2.0.0
DSR_N200_MLOW_TLOW_S10002_R062,62,10002,2,600,200,200,200,200,RandomWaypoint,LOW,0.66,3,53,LOW,275692,85.09,405,UDP,CBR,DSR,YansWifiChannel,802.11g,802.11g,16.04,-95.02,10062,deterministic_generated,deterministic_generated,controlled_experimental_variation,data/raw/packet_loss.csv + data/raw/positions_*.csv + controlled_experimental_matrix,2.0.0
DSR_N200_MLOW_TLOW_S10003_R063,63,10003,3,600,200,200,200,200,RandomWaypoint,LOW,0.66,4,54,LOW,275692,85.09,405,UDP,CBR,DSR,YansWifiChannel,802.11g,802.11g,16.04,-95.02,10063,deterministic_generated,deterministic_generated,controlled_experimental_variation,data/raw/packet_loss.csv + data/raw/positions_*.csv + controlled_experimental_matrix,2.0.0
DSR_N200_MLOW_TLOW_S10004_R064,64,10004,4,600,200,200,200,200,RandomWaypoint,LOW,0.66,5,55,LOW,275692,85.09,405,UDP,CBR,DSR,YansWifiChannel,802.11g,802.11g,16.04,-95.02,10064,deterministic_generated,deterministic_generated,controlled_experimental_variation,data/raw/packet_loss.csv + data/raw/positions_*.csv + controlled_experimental_matrix,2.0.0
DSR_N200_MLOW_TLOW_S10005_R065,65,10005,5,600,200,200,200,200,RandomWaypoint,LOW,0.66,6,56,LOW,275692,85.09,405,UDP,CBR,DSR,YansWifiChannel,802.11g,802.11g,16.04,-95.02,10065,deterministic_generated,deterministic_generated,controlled_experimental_variation,data/raw/packet_loss.csv + data/raw/positions_*.csv + controlled_experimental_matrix,2.0.0
DSR_N200_MLOW_THIGH_S10001_R066,66,10001,1,600,200,200,200,200,RandomWaypoint,LOW,0.66,2,52,HIGH,1606758,176.8,1136,UDP,CBR,DSR,YansWifiChannel,802.11g,802.11g,16.04,-95.02,10066,deterministic_generated,deterministic_generated,controlled_experimental_variation,data/raw/packet_loss.csv + data/raw/positions_*.csv + controlled_experimental_matrix,2.0.0
DSR_N200_MLOW_THIGH_S10002_R067,67,10002,2,600,200,200,200,200,RandomWaypoint,LOW,0.66,3,53,HIGH,1606758,176.8,1136,UDP,CBR,DSR,YansWifiChannel,802.11g,802.11g,16.04,-95.02,10067,deterministic_generated,deterministic_generated,controlled_experimental_variation,data/raw/packet_loss.csv + data/raw/positions_*.csv + controlled_experimental_matrix,2.0.0
DSR_N200_MLOW_THIGH_S10003_R068,68,10003,3,600,200,200,200,200,RandomWaypoint,LOW,0.66,4,54,HIGH,1606758,176.8,1136,UDP,CBR,DSR,YansWifiChannel,802.11g,802.11g,16.04,-95.02,10068,deterministic_generated,deterministic_generated,controlled_experimental_variation,data/raw/packet_loss.csv + data/raw/positions_*.csv + controlled_experimental_matrix,2.0.0
DSR_N200_MLOW_THIGH_S10004_R069,69,10004,4,600,200,200,200,200,RandomWaypoint,LOW,0.66,5,55,HIGH,1606758,176.8,1136,UDP,CBR,DSR,YansWifiChannel,802.11g,802.11g,16.04,-95.02,10069,deterministic_generated,deterministic_generated,controlled_experimental_variation,data/raw/packet_loss.csv + data/raw/positions_*.csv + controlled_experimental_matrix,2.0.0
DSR_N200_MLOW_THIGH_S10005_R070,70,10005,5,600,200,200,200,200,RandomWaypoint,LOW,0.66,6,56,HIGH,1606758,176.8,1136,UDP,CBR,DSR,YansWifiChannel,802.11g,802.11g,16.04,-95.02,10070,deterministic_generated,deterministic_generated,controlled_experimental_variation,data/raw/packet_loss.csv + data/raw/positions_*.csv + controlled_experimental_matrix,2.0.0
DSR_N200_MMEDIUM_TLOW_S10001_R071,71,10001,1,600,200,200,200,200,RandomWaypoint,MEDIUM,1.55,2,52,LOW,275692,85.09,405,UDP,CBR,DSR,YansWifiChannel,802.11g,802.11g,16.04,-95.02,10071,deterministic_generated,deterministic_generated,controlled_experimental_variation,data/raw/packet_loss.csv + data/raw/positions_*.csv + controlled_experimental_matrix,2.0.0
DSR_N200_MMEDIUM_TLOW_S10002_R072,72,10002,2,600,200,200,200,200,RandomWaypoint,MEDIUM,1.55,3,53,LOW,275692,85.09,405,UDP,CBR,DSR,YansWifiChannel,802.11g,802.11g,16.04,-95.02,10072,deterministic_generated,deterministic_generated,controlled_experimental_variation,data/raw/packet_loss.csv + data/raw/positions_*.csv + controlled_experimental_matrix,2.0.0
DSR_N200_MMEDIUM_TLOW_S10003_R073,73,10003,3,600,200,200,200,200,RandomWaypoint,MEDIUM,1.55,4,54,LOW,275692,85.09,405,UDP,CBR,DSR,YansWifiChannel,802.11g,802.11g,16.04,-95.02,10073,deterministic_generated,deterministic_generated,controlled_experimental_variation,data/raw/packet_loss.csv + data/raw/positions_*.csv + controlled_experimental_matrix,2.0.0
DSR_N200_MMEDIUM_TLOW_S10004_R074,74,10004,4,600,200,200,200,200,RandomWaypoint,MEDIUM,1.55,5,55,LOW,275692,85.09,405,UDP,CBR,DSR,YansWifiChannel,802.11g,802.11g,16.04,-95.02,10074,deterministic_generated,deterministic_generated,controlled_experimental_variation,data/raw/packet_loss.csv + data/raw/positions_*.csv + controlled_experimental_matrix,2.0.0
DSR_N200_MMEDIUM_TLOW_S10005_R075,75,10005,5,600,200,200,200,200,RandomWaypoint,MEDIUM,1.55,6,56,LOW,275692,85.09,405,UDP,CBR,DSR,YansWifiChannel,802.11g,802.11g,16.04,-95.02,10075,deterministic_generated,deterministic_generated,controlled_experimental_variation,data/raw/packet_loss.csv + data/raw/positions_*.csv + controlled_experimental_matrix,2.0.0
DSR_N200_MMEDIUM_THIGH_S10001_R076,76,10001,1,600,200,200,200,200,RandomWaypoint,MEDIUM,1.55,2,52,HIGH,1606758,176.8,1136,UDP,CBR,DSR,YansWifiChannel,802.11g,802.11g,16.04,-95.02,10076,deterministic_generated,deterministic_generated,controlled_experimental_variation,data/raw/packet_loss.csv + data/raw/positions_*.csv + controlled_experimental_matrix,2.0.0
DSR_N200_MMEDIUM_THIGH_S10002_R077,77,10002,2,600,200,200,200,200,RandomWaypoint,MEDIUM,1.55,3,53,HIGH,1606758,176.8,1136,UDP,CBR,DSR,YansWifiChannel,802.11g,802.11g,16.04,-95.02,10077,deterministic_generated,deterministic_generated,controlled_experimental_variation,data/raw/packet_loss.csv + data/raw/positions_*.csv + controlled_experimental_matrix,2.0.0
DSR_N200_MMEDIUM_THIGH_S10003_R078,78,10003,3,600,200,200,200,200,RandomWaypoint,MEDIUM,1.55,4,54,HIGH,1606758,176.8,1136,UDP,CBR,DSR,YansWifiChannel,802.11g,802.11g,16.04,-95.02,10078,deterministic_generated,deterministic_generated,controlled_experimental_variation,data/raw/packet_loss.csv + data/raw/positions_*.csv + controlled_experimental_matrix,2.0.0
DSR_N200_MMEDIUM_THIGH_S10004_R079,79,10004,4,600,200,200,200,200,RandomWaypoint,MEDIUM,1.55,5,55,HIGH,1606758,176.8,1136,UDP,CBR,DSR,YansWifiChannel,802.11g,802.11g,16.04,-95.02,10079,deterministic_generated,deterministic_generated,controlled_experimental_variation,data/raw/packet_loss.csv + data/raw/positions_*.csv + controlled_experimental_matrix,2.0.0
DSR_N200_MMEDIUM_THIGH_S10005_R080,80,10005,5,600,200,200,200,200,RandomWaypoint,MEDIUM,1.55,6,56,HIGH,1606758,176.8,1136,UDP,CBR,DSR,YansWifiChannel,802.11g,802.11g,16.04,-95.02,10080,deterministic_generated,deterministic_generated,controlled_experimental_variation,data/raw/packet_loss.csv + data/raw/positions_*.csv + controlled_experimental_matrix,2.0.0
DSR_N200_MHIGH_TLOW_S10001_R081,81,10001,1,600,200,200,200,200,RandomWaypoint,HIGH,2.4,2,52,LOW,275692,85.09,405,UDP,CBR,DSR,YansWifiChannel,802.11g,802.11g,16.04,-95.02,10081,deterministic_generated,deterministic_generated,controlled_experimental_variation,data/raw/packet_loss.csv + data/raw/positions_*.csv + controlled_experimental_matrix,2.0.0
DSR_N200_MHIGH_TLOW_S10002_R082,82,10002,2,600,200,200,200,200,RandomWaypoint,HIGH,2.4,3,53,LOW,275692,85.09,405,UDP,CBR,DSR,YansWifiChannel,802.11g,802.11g,16.04,-95.02,10082,deterministic_generated,deterministic_generated,controlled_experimental_variation,data/raw/packet_loss.csv + data/raw/positions_*.csv + controlled_experimental_matrix,2.0.0
DSR_N200_MHIGH_TLOW_S10003_R083,83,10003,3,600,200,200,200,200,RandomWaypoint,HIGH,2.4,4,54,LOW,275692,85.09,405,UDP,CBR,DSR,YansWifiChannel,802.11g,802.11g,16.04,-95.02,10083,deterministic_generated,deterministic_generated,controlled_experimental_variation,data/raw/packet_loss.csv + data/raw/positions_*.csv + controlled_experimental_matrix,2.0.0
DSR_N200_MHIGH_TLOW_S10004_R084,84,10004,4,600,200,200,200,200,RandomWaypoint,HIGH,2.4,5,55,LOW,275692,85.09,405,UDP,CBR,DSR,YansWifiChannel,802.11g,802.11g,16.04,-95.02,10084,deterministic_generated,deterministic_generated,controlled_experimental_variation,data/raw/packet_loss.csv + data/raw/positions_*.csv + controlled_experimental_matrix,2.0.0
DSR_N200_MHIGH_TLOW_S10005_R085,85,10005,5,600,200,200,200,200,RandomWaypoint,HIGH,2.4,6,56,LOW,275692,85.09,405,UDP,CBR,DSR,YansWifiChannel,802.11g,802.11g,16.04,-95.02,10085,deterministic_generated,deterministic_generated,controlled_experimental_variation,data/raw/packet_loss.csv + data/raw/positions_*.csv + controlled_experimental_matrix,2.0.0
DSR_N200_MHIGH_THIGH_S10001_R086,86,10001,1,600,200,200,200,200,RandomWaypoint,HIGH,2.4,2,52,HIGH,1606758,176.8,1136,UDP,CBR,DSR,YansWifiChannel,802.11g,802.11g,16.04,-95.02,10086,deterministic_generated,deterministic_generated,controlled_experimental_variation,data/raw/packet_loss.csv + data/raw/positions_*.csv + controlled_experimental_matrix,2.0.0
DSR_N200_MHIGH_THIGH_S10002_R087,87,10002,2,600,200,200,200,200,RandomWaypoint,HIGH,2.4,3,53,HIGH,1606758,176.8,1136,UDP,CBR,DSR,YansWifiChannel,802.11g,802.11g,16.04,-95.02,10087,deterministic_generated,deterministic_generated,controlled_experimental_variation,data/raw/packet_loss.csv + data/raw/positions_*.csv + controlled_experimental_matrix,2.0.0
DSR_N200_MHIGH_THIGH_S10003_R088,88,10003,3,600,200,200,200,200,RandomWaypoint,HIGH,2.4,4,54,HIGH,1606758,176.8,1136,UDP,CBR,DSR,YansWifiChannel,802.11g,802.11g,16.04,-95.02,10088,deterministic_generated,deterministic_generated,controlled_experimental_variation,data/raw/packet_loss.csv + data/raw/positions_*.csv + controlled_experimental_matrix,2.0.0
DSR_N200_MHIGH_THIGH_S10004_R089,89,10004,4,600,200,200,200,200,RandomWaypoint,HIGH,2.4,5,55,HIGH,1606758,176.8,1136,UDP,CBR,DSR,YansWifiChannel,802.11g,802.11g,16.04,-95.02,10089,deterministic_generated,deterministic_generated,controlled_experimental_variation,data/raw/packet_loss.csv + data/raw/positions_*.csv + controlled_experimental_matrix,2.0.0
DSR_N200_MHIGH_THIGH_S10005_R090,90,10005,5,600,200,200,200,200,RandomWaypoint,HIGH,2.4,6,56,HIGH,1606758,176.8,1136,UDP,CBR,DSR,YansWifiChannel,802.11g,802.11g,16.04,-95.02,10090,deterministic_generated,deterministic_generated,controlled_experimental_variation,data/raw/packet_loss.csv + data/raw/positions_*.csv + controlled_experimental_matrix,2.0.0
DSR_N300_MLOW_TLOW_S10001_R091,91,10001,1,600,300,200,200,200,RandomWaypoint,LOW,0.66,102,177,LOW,275692,85.09,405,UDP,CBR,DSR,YansWifiChannel,802.11g,802.11g,16.04,-95.02,10091,deterministic_generated,deterministic_generated,controlled_experimental_variation,data/raw/packet_loss.csv + data/raw/positions_*.csv + controlled_experimental_matrix,2.0.0
DSR_N300_MLOW_TLOW_S10002_R092,92,10002,2,600,300,200,200,200,RandomWaypoint,LOW,0.66,103,178,LOW,275692,85.09,405,UDP,CBR,DSR,YansWifiChannel,802.11g,802.11g,16.04,-95.02,10092,deterministic_generated,deterministic_generated,controlled_experimental_variation,data/raw/packet_loss.csv + data/raw/positions_*.csv + controlled_experimental_matrix,2.0.0
DSR_N300_MLOW_TLOW_S10003_R093,93,10003,3,600,300,200,200,200,RandomWaypoint,LOW,0.66,104,179,LOW,275692,85.09,405,UDP,CBR,DSR,YansWifiChannel,802.11g,802.11g,16.04,-95.02,10093,deterministic_generated,deterministic_generated,controlled_experimental_variation,data/raw/packet_loss.csv + data/raw/positions_*.csv + controlled_experimental_matrix,2.0.0
DSR_N300_MLOW_TLOW_S10004_R094,94,10004,4,600,300,200,200,200,RandomWaypoint,LOW,0.66,105,180,LOW,275692,85.09,405,UDP,CBR,DSR,YansWifiChannel,802.11g,802.11g,16.04,-95.02,10094,deterministic_generated,deterministic_generated,controlled_experimental_variation,data/raw/packet_loss.csv + data/raw/positions_*.csv + controlled_experimental_matrix,2.0.0
DSR_N300_MLOW_TLOW_S10005_R095,95,10005,5,600,300,200,200,200,RandomWaypoint,LOW,0.66,106,181,LOW,275692,85.09,405,UDP,CBR,DSR,YansWifiChannel,802.11g,802.11g,16.04,-95.02,10095,deterministic_generated,deterministic_generated,controlled_experimental_variation,data/raw/packet_loss.csv + data/raw/positions_*.csv + controlled_experimental_matrix,2.0.0
DSR_N300_MLOW_THIGH_S10001_R096,96,10001,1,600,300,200,200,200,RandomWaypoint,LOW,0.66,102,177,HIGH,1606758,176.8,1136,UDP,CBR,DSR,YansWifiChannel,802.11g,802.11g,16.04,-95.02,10096,deterministic_generated,deterministic_generated,controlled_experimental_variation,data/raw/packet_loss.csv + data/raw/positions_*.csv + controlled_experimental_matrix,2.0.0
DSR_N300_MLOW_THIGH_S10002_R097,97,10002,2,600,300,200,200,200,RandomWaypoint,LOW,0.66,103,178,HIGH,1606758,176.8,1136,UDP,CBR,DSR,YansWifiChannel,802.11g,802.11g,16.04,-95.02,10097,deterministic_generated,deterministic_generated,controlled_experimental_variation,data/raw/packet_loss.csv + data/raw/positions_*.csv + controlled_experimental_matrix,2.0.0
DSR_N300_MLOW_THIGH_S10003_R098,98,10003,3,600,300,200,200,200,RandomWaypoint,LOW,0.66,104,179,HIGH,1606758,176.8,1136,UDP,CBR,DSR,YansWifiChannel,802.11g,802.11g,16.04,-95.02,10098,deterministic_generated,deterministic_generated,controlled_experimental_variation,data/raw/packet_loss.csv + data/raw/positions_*.csv + controlled_experimental_matrix,2.0.0
DSR_N300_MLOW_THIGH_S10004_R099,99,10004,4,600,300,200,200,200,RandomWaypoint,LOW,0.66,105,180,HIGH,1606758,176.8,1136,UDP,CBR,DSR,YansWifiChannel,802.11g,802.11g,16.04,-95.02,10099,deterministic_generated,deterministic_generated,controlled_experimental_variation,data/raw/packet_loss.csv + data/raw/positions_*.csv + controlled_experimental_matrix,2.0.0
DSR_N300_MLOW_THIGH_S10005_R100,100,10005,5,600,300,200,200,200,RandomWaypoint,LOW,0.66,106,181,HIGH,1606758,176.8,1136,UDP,CBR,DSR,YansWifiChannel,802.11g,802.11g,16.04,-95.02,10100,deterministic_generated,deterministic_generated,controlled_experimental_variation,data/raw/packet_loss.csv + data/raw/positions_*.csv + controlled_experimental_matrix,2.0.0
DSR_N300_MMEDIUM_TLOW_S10001_R101,101,10001,1,600,300,200,200,200,RandomWaypoint,MEDIUM,1.55,102,177,LOW,275692,85.09,405,UDP,CBR,DSR,YansWifiChannel,802.11g,802.11g,16.04,-95.02,10101,deterministic_generated,deterministic_generated,controlled_experimental_variation,data/raw/packet_loss.csv + data/raw/positions_*.csv + controlled_experimental_matrix,2.0.0
DSR_N300_MMEDIUM_TLOW_S10002_R102,102,10002,2,600,300,200,200,200,RandomWaypoint,MEDIUM,1.55,103,178,LOW,275692,85.09,405,UDP,CBR,DSR,YansWifiChannel,802.11g,802.11g,16.04,-95.02,10102,deterministic_generated,deterministic_generated,controlled_experimental_variation,data/raw/packet_loss.csv + data/raw/positions_*.csv + controlled_experimental_matrix,2.0.0
DSR_N300_MMEDIUM_TLOW_S10003_R103,103,10003,3,600,300,200,200,200,RandomWaypoint,MEDIUM,1.55,104,179,LOW,275692,85.09,405,UDP,CBR,DSR,YansWifiChannel,802.11g,802.11g,16.04,-95.02,10103,deterministic_generated,deterministic_generated,controlled_experimental_variation,data/raw/packet_loss.csv + data/raw/positions_*.csv + controlled_experimental_matrix,2.0.0
DSR_N300_MMEDIUM_TLOW_S10004_R104,104,10004,4,600,300,200,200,200,RandomWaypoint,MEDIUM,1.55,105,180,LOW,275692,85.09,405,UDP,CBR,DSR,YansWifiChannel,802.11g,802.11g,16.04,-95.02,10104,deterministic_generated,deterministic_generated,controlled_experimental_variation,data/raw/packet_loss.csv + data/raw/positions_*.csv + controlled_experimental_matrix,2.0.0
DSR_N300_MMEDIUM_TLOW_S10005_R105,105,10005,5,600,300,200,200,200,RandomWaypoint,MEDIUM,1.55,106,181,LOW,275692,85.09,405,UDP,CBR,DSR,YansWifiChannel,802.11g,802.11g,16.04,-95.02,10105,deterministic_generated,deterministic_generated,controlled_experimental_variation,data/raw/packet_loss.csv + data/raw/positions_*.csv + controlled_experimental_matrix,2.0.0
DSR_N300_MMEDIUM_THIGH_S10001_R106,106,10001,1,600,300,200,200,200,RandomWaypoint,MEDIUM,1.55,102,177,HIGH,1606758,176.8,1136,UDP,CBR,DSR,YansWifiChannel,802.11g,802.11g,16.04,-95.02,10106,deterministic_generated,deterministic_generated,controlled_experimental_variation,data/raw/packet_loss.csv + data/raw/positions_*.csv + controlled_experimental_matrix,2.0.0
DSR_N300_MMEDIUM_THIGH_S10002_R107,107,10002,2,600,300,200,200,200,RandomWaypoint,MEDIUM,1.55,103,178,HIGH,1606758,176.8,1136,UDP,CBR,DSR,YansWifiChannel,802.11g,802.11g,16.04,-95.02,10107,deterministic_generated,deterministic_generated,controlled_experimental_variation,data/raw/packet_loss.csv + data/raw/positions_*.csv + controlled_experimental_matrix,2.0.0
DSR_N300_MMEDIUM_THIGH_S10003_R108,108,10003,3,600,300,200,200,200,RandomWaypoint,MEDIUM,1.55,104,179,HIGH,1606758,176.8,1136,UDP,CBR,DSR,YansWifiChannel,802.11g,802.11g,16.04,-95.02,10108,deterministic_generated,deterministic_generated,controlled_experimental_variation,data/raw/packet_loss.csv + data/raw/positions_*.csv + controlled_experimental_matrix,2.0.0
DSR_N300_MMEDIUM_THIGH_S10004_R109,109,10004,4,600,300,200,200,200,RandomWaypoint,MEDIUM,1.55,105,180,HIGH,1606758,176.8,1136,UDP,CBR,DSR,YansWifiChannel,802.11g,802.11g,16.04,-95.02,10109,deterministic_generated,deterministic_generated,controlled_experimental_variation,data/raw/packet_loss.csv + data/raw/positions_*.csv + controlled_experimental_matrix,2.0.0
DSR_N300_MMEDIUM_THIGH_S10005_R110,110,10005,5,600,300,200,200,200,RandomWaypoint,MEDIUM,1.55,106,181,HIGH,1606758,176.8,1136,UDP,CBR,DSR,YansWifiChannel,802.11g,802.11g,16.04,-95.02,10110,deterministic_generated,deterministic_generated,controlled_experimental_variation,data/raw/packet_loss.csv + data/raw/positions_*.csv + controlled_experimental_matrix,2.0.0
DSR_N300_MHIGH_TLOW_S10001_R111,111,10001,1,600,300,200,200,200,RandomWaypoint,HIGH,2.4,102,177,LOW,275692,85.09,405,UDP,CBR,DSR,YansWifiChannel,802.11g,802.11g,16.04,-95.02,10111,deterministic_generated,deterministic_generated,controlled_experimental_variation,data/raw/packet_loss.csv + data/raw/positions_*.csv + controlled_experimental_matrix,2.0.0
DSR_N300_MHIGH_TLOW_S10002_R112,112,10002,2,600,300,200,200,200,RandomWaypoint,HIGH,2.4,103,178,LOW,275692,85.09,405,UDP,CBR,DSR,YansWifiChannel,802.11g,802.11g,16.04,-95.02,10112,deterministic_generated,deterministic_generated,controlled_experimental_variation,data/raw/packet_loss.csv + data/raw/positions_*.csv + controlled_experimental_matrix,2.0.0
DSR_N300_MHIGH_TLOW_S10003_R113,113,10003,3,600,300,200,200,200,RandomWaypoint,HIGH,2.4,104,179,LOW,275692,85.09,405,UDP,CBR,DSR,YansWifiChannel,802.11g,802.11g,16.04,-95.02,10113,deterministic_generated,deterministic_generated,controlled_experimental_variation,data/raw/packet_loss.csv + data/raw/positions_*.csv + controlled_experimental_matrix,2.0.0
DSR_N300_MHIGH_TLOW_S10004_R114,114,10004,4,600,300,200,200,200,RandomWaypoint,HIGH,2.4,105,180,LOW,275692,85.09,405,UDP,CBR,DSR,YansWifiChannel,802.11g,802.11g,16.04,-95.02,10114,deterministic_generated,deterministic_generated,controlled_experimental_variation,data/raw/packet_loss.csv + data/raw/positions_*.csv + controlled_experimental_matrix,2.0.0
DSR_N300_MHIGH_TLOW_S10005_R115,115,10005,5,600,300,200,200,200,RandomWaypoint,HIGH,2.4,106,181,LOW,275692,85.09,405,UDP,CBR,DSR,YansWifiChannel,802.11g,802.11g,16.04,-95.02,10115,deterministic_generated,deterministic_generated,controlled_experimental_variation,data/raw/packet_loss.csv + data/raw/positions_*.csv + controlled_experimental_matrix,2.0.0
DSR_N300_MHIGH_THIGH_S10001_R116,116,10001,1,600,300,200,200,200,RandomWaypoint,HIGH,2.4,102,177,HIGH,1606758,176.8,1136,UDP,CBR,DSR,YansWifiChannel,802.11g,802.11g,16.04,-95.02,10116,deterministic_generated,deterministic_generated,controlled_experimental_variation,data/raw/packet_loss.csv + data/raw/positions_*.csv + controlled_experimental_matrix,2.0.0
DSR_N300_MHIGH_THIGH_S10002_R117,117,10002,2,600,300,200,200,200,RandomWaypoint,HIGH,2.4,103,178,HIGH,1606758,176.8,1136,UDP,CBR,DSR,YansWifiChannel,802.11g,802.11g,16.04,-95.02,10117,deterministic_generated,deterministic_generated,controlled_experimental_variation,data/raw/packet_loss.csv + data/raw/positions_*.csv + controlled_experimental_matrix,2.0.0
DSR_N300_MHIGH_THIGH_S10003_R118,118,10003,3,600,300,200,200,200,RandomWaypoint,HIGH,2.4,104,179,HIGH,1606758,176.8,1136,UDP,CBR,DSR,YansWifiChannel,802.11g,802.11g,16.04,-95.02,10118,deterministic_generated,deterministic_generated,controlled_experimental_variation,data/raw/packet_loss.csv + data/raw/positions_*.csv + controlled_experimental_matrix,2.0.0
DSR_N300_MHIGH_THIGH_S10004_R119,119,10004,4,600,300,200,200,200,RandomWaypoint,HIGH,2.4,105,180,HIGH,1606758,176.8,1136,UDP,CBR,DSR,YansWifiChannel,802.11g,802.11g,16.04,-95.02,10119,deterministic_generated,deterministic_generated,controlled_experimental_variation,data/raw/packet_loss.csv + data/raw/positions_*.csv + controlled_experimental_matrix,2.0.0
DSR_N300_MHIGH_THIGH_S10005_R120,120,10005,5,600,300,200,200,200,RandomWaypoint,HIGH,2.4,106,181,HIGH,1606758,176.8,1136,UDP,CBR,DSR,YansWifiChannel,802.11g,802.11g,16.04,-95.02,10120,deterministic_generated,deterministic_generated,controlled_experimental_variation,data/raw/packet_loss.csv + data/raw/positions_*.csv + controlled_experimental_matrix,2.0.0
DSR_N400_MLOW_TLOW_S10001_R121,121,10001,1,600,400,200,200,200,RandomWaypoint,LOW,0.66,2,102,LOW,275692,85.09,405,UDP,CBR,DSR,YansWifiChannel,802.11g,802.11g,16.04,-95.02,10121,deterministic_generated,deterministic_generated,controlled_experimental_variation,data/raw/packet_loss.csv + data/raw/positions_*.csv + controlled_experimental_matrix,2.0.0
DSR_N400_MLOW_TLOW_S10002_R122,122,10002,2,600,400,200,200,200,RandomWaypoint,LOW,0.66,3,103,LOW,275692,85.09,405,UDP,CBR,DSR,YansWifiChannel,802.11g,802.11g,16.04,-95.02,10122,deterministic_generated,deterministic_generated,controlled_experimental_variation,data/raw/packet_loss.csv + data/raw/positions_*.csv + controlled_experimental_matrix,2.0.0
DSR_N400_MLOW_TLOW_S10003_R123,123,10003,3,600,400,200,200,200,RandomWaypoint,LOW,0.66,4,104,LOW,275692,85.09,405,UDP,CBR,DSR,YansWifiChannel,802.11g,802.11g,16.04,-95.02,10123,deterministic_generated,deterministic_generated,controlled_experimental_variation,data/raw/packet_loss.csv + data/raw/positions_*.csv + controlled_experimental_matrix,2.0.0
DSR_N400_MLOW_TLOW_S10004_R124,124,10004,4,600,400,200,200,200,RandomWaypoint,LOW,0.66,5,105,LOW,275692,85.09,405,UDP,CBR,DSR,YansWifiChannel,802.11g,802.11g,16.04,-95.02,10124,deterministic_generated,deterministic_generated,controlled_experimental_variation,data/raw/packet_loss.csv + data/raw/positions_*.csv + controlled_experimental_matrix,2.0.0
DSR_N400_MLOW_TLOW_S10005_R125,125,10005,5,600,400,200,200,200,RandomWaypoint,LOW,0.66,6,106,LOW,275692,85.09,405,UDP,CBR,DSR,YansWifiChannel,802.11g,802.11g,16.04,-95.02,10125,deterministic_generated,deterministic_generated,controlled_experimental_variation,data/raw/packet_loss.csv + data/raw/positions_*.csv + controlled_experimental_matrix,2.0.0
DSR_N400_MLOW_THIGH_S10001_R126,126,10001,1,600,400,200,200,200,RandomWaypoint,LOW,0.66,2,102,HIGH,1606758,176.8,1136,UDP,CBR,DSR,YansWifiChannel,802.11g,802.11g,16.04,-95.02,10126,deterministic_generated,deterministic_generated,controlled_experimental_variation,data/raw/packet_loss.csv + data/raw/positions_*.csv + controlled_experimental_matrix,2.0.0
DSR_N400_MLOW_THIGH_S10002_R127,127,10002,2,600,400,200,200,200,RandomWaypoint,LOW,0.66,3,103,HIGH,1606758,176.8,1136,UDP,CBR,DSR,YansWifiChannel,802.11g,802.11g,16.04,-95.02,10127,deterministic_generated,deterministic_generated,controlled_experimental_variation,data/raw/packet_loss.csv + data/raw/positions_*.csv + controlled_experimental_matrix,2.0.0
DSR_N400_MLOW_THIGH_S10003_R128,128,10003,3,600,400,200,200,200,RandomWaypoint,LOW,0.66,4,104,HIGH,1606758,176.8,1136,UDP,CBR,DSR,YansWifiChannel,802.11g,802.11g,16.04,-95.02,10128,deterministic_generated,deterministic_generated,controlled_experimental_variation,data/raw/packet_loss.csv + data/raw/positions_*.csv + controlled_experimental_matrix,2.0.0
DSR_N400_MLOW_THIGH_S10004_R129,129,10004,4,600,400,200,200,200,RandomWaypoint,LOW,0.66,5,105,HIGH,1606758,176.8,1136,UDP,CBR,DSR,YansWifiChannel,802.11g,802.11g,16.04,-95.02,10129,deterministic_generated,deterministic_generated,controlled_experimental_variation,data/raw/packet_loss.csv + data/raw/positions_*.csv + controlled_experimental_matrix,2.0.0
DSR_N400_MLOW_THIGH_S10005_R130,130,10005,5,600,400,200,200,200,RandomWaypoint,LOW,0.66,6,106,HIGH,1606758,176.8,1136,UDP,CBR,DSR,YansWifiChannel,802.11g,802.11g,16.04,-95.02,10130,deterministic_generated,deterministic_generated,controlled_experimental_variation,data/raw/packet_loss.csv + data/raw/positions_*.csv + controlled_experimental_matrix,2.0.0
DSR_N400_MMEDIUM_TLOW_S10001_R131,131,10001,1,600,400,200,200,200,RandomWaypoint,MEDIUM,1.55,2,102,LOW,275692,85.09,405,UDP,CBR,DSR,YansWifiChannel,802.11g,802.11g,16.04,-95.02,10131,deterministic_generated,deterministic_generated,controlled_experimental_variation,data/raw/packet_loss.csv + data/raw/positions_*.csv + controlled_experimental_matrix,2.0.0
DSR_N400_MMEDIUM_TLOW_S10002_R132,132,10002,2,600,400,200,200,200,RandomWaypoint,MEDIUM,1.55,3,103,LOW,275692,85.09,405,UDP,CBR,DSR,YansWifiChannel,802.11g,802.11g,16.04,-95.02,10132,deterministic_generated,deterministic_generated,controlled_experimental_variation,data/raw/packet_loss.csv + data/raw/positions_*.csv + controlled_experimental_matrix,2.0.0
DSR_N400_MMEDIUM_TLOW_S10003_R133,133,10003,3,600,400,200,200,200,RandomWaypoint,MEDIUM,1.55,4,104,LOW,275692,85.09,405,UDP,CBR,DSR,YansWifiChannel,802.11g,802.11g,16.04,-95.02,10133,deterministic_generated,deterministic_generated,controlled_experimental_variation,data/raw/packet_loss.csv + data/raw/positions_*.csv + controlled_experimental_matrix,2.0.0
DSR_N400_MMEDIUM_TLOW_S10004_R134,134,10004,4,600,400,200,200,200,RandomWaypoint,MEDIUM,1.55,5,105,LOW,275692,85.09,405,UDP,CBR,DSR,YansWifiChannel,802.11g,802.11g,16.04,-95.02,10134,deterministic_generated,deterministic_generated,controlled_experimental_variation,data/raw/packet_loss.csv + data/raw/positions_*.csv + controlled_experimental_matrix,2.0.0
DSR_N400_MMEDIUM_TLOW_S10005_R135,135,10005,5,600,400,200,200,200,RandomWaypoint,MEDIUM,1.55,6,106,LOW,275692,85.09,405,UDP,CBR,DSR,YansWifiChannel,802.11g,802.11g,16.04,-95.02,10135,deterministic_generated,deterministic_generated,controlled_experimental_variation,data/raw/packet_loss.csv + data/raw/positions_*.csv + controlled_experimental_matrix,2.0.0
DSR_N400_MMEDIUM_THIGH_S10001_R136,136,10001,1,600,400,200,200,200,RandomWaypoint,MEDIUM,1.55,2,102,HIGH,1606758,176.8,1136,UDP,CBR,DSR,YansWifiChannel,802.11g,802.11g,16.04,-95.02,10136,deterministic_generated,deterministic_generated,controlled_experimental_variation,data/raw/packet_loss.csv + data/raw/positions_*.csv + controlled_experimental_matrix,2.0.0
DSR_N400_MMEDIUM_THIGH_S10002_R137,137,10002,2,600,400,200,200,200,RandomWaypoint,MEDIUM,1.55,3,103,HIGH,1606758,176.8,1136,UDP,CBR,DSR,YansWifiChannel,802.11g,802.11g,16.04,-95.02,10137,deterministic_generated,deterministic_generated,controlled_experimental_variation,data/raw/packet_loss.csv + data/raw/positions_*.csv + controlled_experimental_matrix,2.0.0
DSR_N400_MMEDIUM_THIGH_S10003_R138,138,10003,3,600,400,200,200,200,RandomWaypoint,MEDIUM,1.55,4,104,HIGH,1606758,176.8,1136,UDP,CBR,DSR,YansWifiChannel,802.11g,802.11g,16.04,-95.02,10138,deterministic_generated,deterministic_generated,controlled_experimental_variation,data/raw/packet_loss.csv + data/raw/positions_*.csv + controlled_experimental_matrix,2.0.0
DSR_N400_MMEDIUM_THIGH_S10004_R139,139,10004,4,600,400,200,200,200,RandomWaypoint,MEDIUM,1.55,5,105,HIGH,1606758,176.8,1136,UDP,CBR,DSR,YansWifiChannel,802.11g,802.11g,16.04,-95.02,10139,deterministic_generated,deterministic_generated,controlled_experimental_variation,data/raw/packet_loss.csv + data/raw/positions_*.csv + controlled_experimental_matrix,2.0.0
DSR_N400_MMEDIUM_THIGH_S10005_R140,140,10005,5,600,400,200,200,200,RandomWaypoint,MEDIUM,1.55,6,106,HIGH,1606758,176.8,1136,UDP,CBR,DSR,YansWifiChannel,802.11g,802.11g,16.04,-95.02,10140,deterministic_generated,deterministic_generated,controlled_experimental_variation,data/raw/packet_loss.csv + data/raw/positions_*.csv + controlled_experimental_matrix,2.0.0
DSR_N400_MHIGH_TLOW_S10001_R141,141,10001,1,600,400,200,200,200,RandomWaypoint,HIGH,2.4,2,102,LOW,275692,85.09,405,UDP,CBR,DSR,YansWifiChannel,802.11g,802.11g,16.04,-95.02,10141,deterministic_generated,deterministic_generated,controlled_experimental_variation,data/raw/packet_loss.csv + data/raw/positions_*.csv + controlled_experimental_matrix,2.0.0
DSR_N400_MHIGH_TLOW_S10002_R142,142,10002,2,600,400,200,200,200,RandomWaypoint,HIGH,2.4,3,103,LOW,275692,85.09,405,UDP,CBR,DSR,YansWifiChannel,802.11g,802.11g,16.04,-95.02,10142,deterministic_generated,deterministic_generated,controlled_experimental_variation,data/raw/packet_loss.csv + data/raw/positions_*.csv + controlled_experimental_matrix,2.0.0
DSR_N400_MHIGH_TLOW_S10003_R143,143,10003,3,600,400,200,200,200,RandomWaypoint,HIGH,2.4,4,104,LOW,275692,85.09,405,UDP,CBR,DSR,YansWifiChannel,802.11g,802.11g,16.04,-95.02,10143,deterministic_generated,deterministic_generated,controlled_experimental_variation,data/raw/packet_loss.csv + data/raw/positions_*.csv + controlled_experimental_matrix,2.0.0
DSR_N400_MHIGH_TLOW_S10004_R144,144,10004,4,600,400,200,200,200,RandomWaypoint,HIGH,2.4,5,105,LOW,275692,85.09,405,UDP,CBR,DSR,YansWifiChannel,802.11g,802.11g,16.04,-95.02,10144,deterministic_generated,deterministic_generated,controlled_experimental_variation,data/raw/packet_loss.csv + data/raw/positions_*.csv + controlled_experimental_matrix,2.0.0
DSR_N400_MHIGH_TLOW_S10005_R145,145,10005,5,600,400,200,200,200,RandomWaypoint,HIGH,2.4,6,106,LOW,275692,85.09,405,UDP,CBR,DSR,YansWifiChannel,802.11g,802.11g,16.04,-95.02,10145,deterministic_generated,deterministic_generated,controlled_experimental_variation,data/raw/packet_loss.csv + data/raw/positions_*.csv + controlled_experimental_matrix,2.0.0
DSR_N400_MHIGH_THIGH_S10001_R146,146,10001,1,600,400,200,200,200,RandomWaypoint,HIGH,2.4,2,102,HIGH,1606758,176.8,1136,UDP,CBR,DSR,YansWifiChannel,802.11g,802.11g,16.04,-95.02,10146,deterministic_generated,deterministic_generated,controlled_experimental_variation,data/raw/packet_loss.csv + data/raw/positions_*.csv + controlled_experimental_matrix,2.0.0
DSR_N400_MHIGH_THIGH_S10002_R147,147,10002,2,600,400,200,200,200,RandomWaypoint,HIGH,2.4,3,103,HIGH,1606758,176.8,1136,UDP,CBR,DSR,YansWifiChannel,802.11g,802.11g,16.04,-95.02,10147,deterministic_generated,deterministic_generated,controlled_experimental_variation,data/raw/packet_loss.csv + data/raw/positions_*.csv + controlled_experimental_matrix,2.0.0
DSR_N400_MHIGH_THIGH_S10003_R148,148,10003,3,600,400,200,200,200,RandomWaypoint,HIGH,2.4,4,104,HIGH,1606758,176.8,1136,UDP,CBR,DSR,YansWifiChannel,802.11g,802.11g,16.04,-95.02,10148,deterministic_generated,deterministic_generated,controlled_experimental_variation,data/raw/packet_loss.csv + data/raw/positions_*.csv + controlled_experimental_matrix,2.0.0
DSR_N400_MHIGH_THIGH_S10004_R149,149,10004,4,600,400,200,200,200,RandomWaypoint,HIGH,2.4,5,105,HIGH,1606758,176.8,1136,UDP,CBR,DSR,YansWifiChannel,802.11g,802.11g,16.04,-95.02,10149,deterministic_generated,deterministic_generated,controlled_experimental_variation,data/raw/packet_loss.csv + data/raw/positions_*.csv + controlled_experimental_matrix,2.0.0
DSR_N400_MHIGH_THIGH_S10005_R150,150,10005,5,600,400,200,200,200,RandomWaypoint,HIGH,2.4,6,106,HIGH,1606758,176.8,1136,UDP,CBR,DSR,YansWifiChannel,802.11g,802.11g,16.04,-95.02,10150,deterministic_generated,deterministic_generated,controlled_experimental_variation,data/raw/packet_loss.csv + data/raw/positions_*.csv + controlled_experimental_matrix,2.0.0
DSR_N500_MLOW_TLOW_S10001_R151,151,10001,1,600,500,200,200,200,RandomWaypoint,LOW,0.66,2,127,LOW,275692,85.09,405,UDP,CBR,DSR,YansWifiChannel,802.11g,802.11g,16.04,-95.02,10151,deterministic_generated,deterministic_generated,controlled_experimental_variation,data/raw/packet_loss.csv + data/raw/positions_*.csv + controlled_experimental_matrix,2.0.0
DSR_N500_MLOW_TLOW_S10002_R152,152,10002,2,600,500,200,200,200,RandomWaypoint,LOW,0.66,3,128,LOW,275692,85.09,405,UDP,CBR,DSR,YansWifiChannel,802.11g,802.11g,16.04,-95.02,10152,deterministic_generated,deterministic_generated,controlled_experimental_variation,data/raw/packet_loss.csv + data/raw/positions_*.csv + controlled_experimental_matrix,2.0.0
DSR_N500_MLOW_TLOW_S10003_R153,153,10003,3,600,500,200,200,200,RandomWaypoint,LOW,0.66,4,129,LOW,275692,85.09,405,UDP,CBR,DSR,YansWifiChannel,802.11g,802.11g,16.04,-95.02,10153,deterministic_generated,deterministic_generated,controlled_experimental_variation,data/raw/packet_loss.csv + data/raw/positions_*.csv + controlled_experimental_matrix,2.0.0
DSR_N500_MLOW_TLOW_S10004_R154,154,10004,4,600,500,200,200,200,RandomWaypoint,LOW,0.66,5,130,LOW,275692,85.09,405,UDP,CBR,DSR,YansWifiChannel,802.11g,802.11g,16.04,-95.02,10154,deterministic_generated,deterministic_generated,controlled_experimental_variation,data/raw/packet_loss.csv + data/raw/positions_*.csv + controlled_experimental_matrix,2.0.0
DSR_N500_MLOW_TLOW_S10005_R155,155,10005,5,600,500,200,200,200,RandomWaypoint,LOW,0.66,6,131,LOW,275692,85.09,405,UDP,CBR,DSR,YansWifiChannel,802.11g,802.11g,16.04,-95.02,10155,deterministic_generated,deterministic_generated,controlled_experimental_variation,data/raw/packet_loss.csv + data/raw/positions_*.csv + controlled_experimental_matrix,2.0.0
DSR_N500_MLOW_THIGH_S10001_R156,156,10001,1,600,500,200,200,200,RandomWaypoint,LOW,0.66,2,127,HIGH,1606758,176.8,1136,UDP,CBR,DSR,YansWifiChannel,802.11g,802.11g,16.04,-95.02,10156,deterministic_generated,deterministic_generated,controlled_experimental_variation,data/raw/packet_loss.csv + data/raw/positions_*.csv + controlled_experimental_matrix,2.0.0
DSR_N500_MLOW_THIGH_S10002_R157,157,10002,2,600,500,200,200,200,RandomWaypoint,LOW,0.66,3,128,HIGH,1606758,176.8,1136,UDP,CBR,DSR,YansWifiChannel,802.11g,802.11g,16.04,-95.02,10157,deterministic_generated,deterministic_generated,controlled_experimental_variation,data/raw/packet_loss.csv + data/raw/positions_*.csv + controlled_experimental_matrix,2.0.0
DSR_N500_MLOW_THIGH_S10003_R158,158,10003,3,600,500,200,200,200,RandomWaypoint,LOW,0.66,4,129,HIGH,1606758,176.8,1136,UDP,CBR,DSR,YansWifiChannel,802.11g,802.11g,16.04,-95.02,10158,deterministic_generated,deterministic_generated,controlled_experimental_variation,data/raw/packet_loss.csv + data/raw/positions_*.csv + controlled_experimental_matrix,2.0.0
DSR_N500_MLOW_THIGH_S10004_R159,159,10004,4,600,500,200,200,200,RandomWaypoint,LOW,0.66,5,130,HIGH,1606758,176.8,1136,UDP,CBR,DSR,YansWifiChannel,802.11g,802.11g,16.04,-95.02,10159,deterministic_generated,deterministic_generated,controlled_experimental_variation,data/raw/packet_loss.csv + data/raw/positions_*.csv + controlled_experimental_matrix,2.0.0
DSR_N500_MLOW_THIGH_S10005_R160,160,10005,5,600,500,200,200,200,RandomWaypoint,LOW,0.66,6,131,HIGH,1606758,176.8,1136,UDP,CBR,DSR,YansWifiChannel,802.11g,802.11g,16.04,-95.02,10160,deterministic_generated,deterministic_generated,controlled_experimental_variation,data/raw/packet_loss.csv + data/raw/positions_*.csv + controlled_experimental_matrix,2.0.0
DSR_N500_MMEDIUM_TLOW_S10001_R161,161,10001,1,600,500,200,200,200,RandomWaypoint,MEDIUM,1.55,2,127,LOW,275692,85.09,405,UDP,CBR,DSR,YansWifiChannel,802.11g,802.11g,16.04,-95.02,10161,deterministic_generated,deterministic_generated,controlled_experimental_variation,data/raw/packet_loss.csv + data/raw/positions_*.csv + controlled_experimental_matrix,2.0.0
DSR_N500_MMEDIUM_TLOW_S10002_R162,162,10002,2,600,500,200,200,200,RandomWaypoint,MEDIUM,1.55,3,128,LOW,275692,85.09,405,UDP,CBR,DSR,YansWifiChannel,802.11g,802.11g,16.04,-95.02,10162,deterministic_generated,deterministic_generated,controlled_experimental_variation,data/raw/packet_loss.csv + data/raw/positions_*.csv + controlled_experimental_matrix,2.0.0
DSR_N500_MMEDIUM_TLOW_S10003_R163,163,10003,3,600,500,200,200,200,RandomWaypoint,MEDIUM,1.55,4,129,LOW,275692,85.09,405,UDP,CBR,DSR,YansWifiChannel,802.11g,802.11g,16.04,-95.02,10163,deterministic_generated,deterministic_generated,controlled_experimental_variation,data/raw/packet_loss.csv + data/raw/positions_*.csv + controlled_experimental_matrix,2.0.0
DSR_N500_MMEDIUM_TLOW_S10004_R164,164,10004,4,600,500,200,200,200,RandomWaypoint,MEDIUM,1.55,5,130,LOW,275692,85.09,405,UDP,CBR,DSR,YansWifiChannel,802.11g,802.11g,16.04,-95.02,10164,deterministic_generated,deterministic_generated,controlled_experimental_variation,data/raw/packet_loss.csv + data/raw/positions_*.csv + controlled_experimental_matrix,2.0.0
DSR_N500_MMEDIUM_TLOW_S10005_R165,165,10005,5,600,500,200,200,200,RandomWaypoint,MEDIUM,1.55,6,131,LOW,275692,85.09,405,UDP,CBR,DSR,YansWifiChannel,802.11g,802.11g,16.04,-95.02,10165,deterministic_generated,deterministic_generated,controlled_experimental_variation,data/raw/packet_loss.csv + data/raw/positions_*.csv + controlled_experimental_matrix,2.0.0
DSR_N500_MMEDIUM_THIGH_S10001_R166,166,10001,1,600,500,200,200,200,RandomWaypoint,MEDIUM,1.55,2,127,HIGH,1606758,176.8,1136,UDP,CBR,DSR,YansWifiChannel,802.11g,802.11g,16.04,-95.02,10166,deterministic_generated,deterministic_generated,controlled_experimental_variation,data/raw/packet_loss.csv + data/raw/positions_*.csv + controlled_experimental_matrix,2.0.0
DSR_N500_MMEDIUM_THIGH_S10002_R167,167,10002,2,600,500,200,200,200,RandomWaypoint,MEDIUM,1.55,3,128,HIGH,1606758,176.8,1136,UDP,CBR,DSR,YansWifiChannel,802.11g,802.11g,16.04,-95.02,10167,deterministic_generated,deterministic_generated,controlled_experimental_variation,data/raw/packet_loss.csv + data/raw/positions_*.csv + controlled_experimental_matrix,2.0.0
DSR_N500_MMEDIUM_THIGH_S10003_R168,168,10003,3,600,500,200,200,200,RandomWaypoint,MEDIUM,1.55,4,129,HIGH,1606758,176.8,1136,UDP,CBR,DSR,YansWifiChannel,802.11g,802.11g,16.04,-95.02,10168,deterministic_generated,deterministic_generated,controlled_experimental_variation,data/raw/packet_loss.csv + data/raw/positions_*.csv + controlled_experimental_matrix,2.0.0
DSR_N500_MMEDIUM_THIGH_S10004_R169,169,10004,4,600,500,200,200,200,RandomWaypoint,MEDIUM,1.55,5,130,HIGH,1606758,176.8,1136,UDP,CBR,DSR,YansWifiChannel,802.11g,802.11g,16.04,-95.02,10169,deterministic_generated,deterministic_generated,controlled_experimental_variation,data/raw/packet_loss.csv + data/raw/positions_*.csv + controlled_experimental_matrix,2.0.0
DSR_N500_MMEDIUM_THIGH_S10005_R170,170,10005,5,600,500,200,200,200,RandomWaypoint,MEDIUM,1.55,6,131,HIGH,1606758,176.8,1136,UDP,CBR,DSR,YansWifiChannel,802.11g,802.11g,16.04,-95.02,10170,deterministic_generated,deterministic_generated,controlled_experimental_variation,data/raw/packet_loss.csv + data/raw/positions_*.csv + controlled_experimental_matrix,2.0.0
DSR_N500_MHIGH_TLOW_S10001_R171,171,10001,1,600,500,200,200,200,RandomWaypoint,HIGH,2.4,2,127,LOW,275692,85.09,405,UDP,CBR,DSR,YansWifiChannel,802.11g,802.11g,16.04,-95.02,10171,deterministic_generated,deterministic_generated,controlled_experimental_variation,data/raw/packet_loss.csv + data/raw/positions_*.csv + controlled_experimental_matrix,2.0.0
DSR_N500_MHIGH_TLOW_S10002_R172,172,10002,2,600,500,200,200,200,RandomWaypoint,HIGH,2.4,3,128,LOW,275692,85.09,405,UDP,CBR,DSR,YansWifiChannel,802.11g,802.11g,16.04,-95.02,10172,deterministic_generated,deterministic_generated,controlled_experimental_variation,data/raw/packet_loss.csv + data/raw/positions_*.csv + controlled_experimental_matrix,2.0.0
DSR_N500_MHIGH_TLOW_S10003_R173,173,10003,3,600,500,200,200,200,RandomWaypoint,HIGH,2.4,4,129,LOW,275692,85.09,405,UDP,CBR,DSR,YansWifiChannel,802.11g,802.11g,16.04,-95.02,10173,deterministic_generated,deterministic_generated,controlled_experimental_variation,data/raw/packet_loss.csv + data/raw/positions_*.csv + controlled_experimental_matrix,2.0.0
DSR_N500_MHIGH_TLOW_S10004_R174,174,10004,4,600,500,200,200,200,RandomWaypoint,HIGH,2.4,5,130,LOW,275692,85.09,405,UDP,CBR,DSR,YansWifiChannel,802.11g,802.11g,16.04,-95.02,10174,deterministic_generated,deterministic_generated,controlled_experimental_variation,data/raw/packet_loss.csv + data/raw/positions_*.csv + controlled_experimental_matrix,2.0.0
DSR_N500_MHIGH_TLOW_S10005_R175,175,10005,5,600,500,200,200,200,RandomWaypoint,HIGH,2.4,6,131,LOW,275692,85.09,405,UDP,CBR,DSR,YansWifiChannel,802.11g,802.11g,16.04,-95.02,10175,deterministic_generated,deterministic_generated,controlled_experimental_variation,data/raw/packet_loss.csv + data/raw/positions_*.csv + controlled_experimental_matrix,2.0.0
DSR_N500_MHIGH_THIGH_S10001_R176,176,10001,1,600,500,200,200,200,RandomWaypoint,HIGH,2.4,2,127,HIGH,1606758,176.8,1136,UDP,CBR,DSR,YansWifiChannel,802.11g,802.11g,16.04,-95.02,10176,deterministic_generated,deterministic_generated,controlled_experimental_variation,data/raw/packet_loss.csv + data/raw/positions_*.csv + controlled_experimental_matrix,2.0.0
DSR_N500_MHIGH_THIGH_S10002_R177,177,10002,2,600,500,200,200,200,RandomWaypoint,HIGH,2.4,3,128,HIGH,1606758,176.8,1136,UDP,CBR,DSR,YansWifiChannel,802.11g,802.11g,16.04,-95.02,10177,deterministic_generated,deterministic_generated,controlled_experimental_variation,data/raw/packet_loss.csv + data/raw/positions_*.csv + controlled_experimental_matrix,2.0.0
DSR_N500_MHIGH_THIGH_S10003_R178,178,10003,3,600,500,200,200,200,RandomWaypoint,HIGH,2.4,4,129,HIGH,1606758,176.8,1136,UDP,CBR,DSR,YansWifiChannel,802.11g,802.11g,16.04,-95.02,10178,deterministic_generated,deterministic_generated,controlled_experimental_variation,data/raw/packet_loss.csv + data/raw/positions_*.csv + controlled_experimental_matrix,2.0.0
DSR_N500_MHIGH_THIGH_S10004_R179,179,10004,4,600,500,200,200,200,RandomWaypoint,HIGH,2.4,5,130,HIGH,1606758,176.8,1136,UDP,CBR,DSR,YansWifiChannel,802.11g,802.11g,16.04,-95.02,10179,deterministic_generated,deterministic_generated,controlled_experimental_variation,data/raw/packet_loss.csv + data/raw/positions_*.csv + controlled_experimental_matrix,2.0.0
DSR_N500_MHIGH_THIGH_S10005_R180,180,10005,5,600,500,200,200,200,RandomWaypoint,HIGH,2.4,6,131,HIGH,1606758,176.8,1136,UDP,CBR,DSR,YansWifiChannel,802.11g,802.11g,16.04,-95.02,10180,deterministic_generated,deterministic_generated,controlled_experimental_variation,data/raw/packet_loss.csv + data/raw/positions_*.csv + controlled_experimental_matrix,2.0.0
