feature,importance
queue_drops,0.8015878
pps,0.01907694
mac_tx_success,0.017922223
mac_retries,0.017667366
queue_len_norm,0.017404992
rx_success,0.015931984
etx,0.015070058
mac_tx_attempts,0.014116189
prr,0.012626298
peta,0.007859394
snr_db,0.0071286946
delay_ms,0.0067932103
pm,0.0057266667
pq,0.0049242023
link_changes_per_s,0.004669382
collisions,0.0043951417
channel_busy_ratio,0.003632488
rssi_dbm,0.0034680497
noise_floor_dbm,0.002817003
tx_power_dbm,0.0027246163
packet_size_bytes,0.0025677467
jitter_ms,0.002511386
speed_mps,0.002454735
neighbor_count,0.0023492603
backoff_slots,0.0023385447
ttl_hops,0.0022355749
